unix_time,ovr_timestamp,pos_x,pos_y,pos_z,rot_x,rot_y,rot_z,rot_w
1774163144498,77478.810072453,0.0581588745117188,0.928242802619934,-0.0406169891357422,0.296748578548431,0.180445492267609,-0.0651954188942909,0.935483455657959
1774163144498,77478.810373391,0.0581591129302979,0.928242981433868,-0.0406169891357422,0.296748161315918,0.180447414517403,-0.0651970654726028,0.93548309803009
1774163144498,77478.810570214,0.0581598281860352,0.928243160247803,-0.0406169891357422,0.296746253967285,0.180447459220886,-0.0651987418532372,0.935483634471893
1774163144511,77478.823263027,0.0581669807434082,0.928252875804901,-0.0406215190887451,0.296728581190109,0.180522620677948,-0.0652777180075645,0.935469150543213
1774163144525,77478.837467352,0.0581698417663574,0.928263664245605,-0.0406301021575928,0.29670837521553,0.180589497089386,-0.0653666332364082,0.935456454753876
1774163144553,77478.864985792,0.0581614971160889,0.928281664848328,-0.0406525135040283,0.296693593263626,0.180633425712585,-0.0654360726475716,0.935447812080383
1774163144568,77478.880185377,0.0581483840942383,0.928293228149414,-0.0406646728515625,0.296693354845047,0.180624634027481,-0.0654298067092896,0.935450077056885
1774163144594,77478.906230432,0.0582489967346191,0.928247690200806,-0.0406637191772461,0.296695858240128,0.180536225438118,-0.0654226616024971,0.935466766357422
1774163144608,77478.920370485,0.0583159923553467,0.928212225437164,-0.040661096572876,0.296695351600647,0.180452048778534,-0.0654201358556747,0.935483336448669
1774163144637,77478.94916028,0.0582804679870605,0.928221225738525,-0.0406723022460938,0.296683490276337,0.180299580097198,-0.0654479041695595,0.935514688491821
1774163144650,77478.961997937,0.0582611560821533,0.928224921226501,-0.0406761169433594,0.296677649021149,0.180246949195862,-0.0654855072498322,0.935523986816406
1774163144678,77478.989975232,0.0582096576690674,0.928236722946167,-0.0406773090362549,0.296664625406265,0.180137246847153,-0.0655914917588234,0.935541808605194
1774163144692,77479.003762264,0.0581798553466797,0.928243458271027,-0.0406715869903564,0.296656280755997,0.180077314376831,-0.0656519532203674,0.935551762580872
1774163144706,77479.01803487,0.0582013130187988,0.928222894668579,-0.0406699180603027,0.296639144420624,0.180003687739372,-0.0657069757580757,0.935567498207092
1774163144739,77479.050912529,0.0582430362701416,0.928184568881989,-0.0406656265258789,0.296591401100159,0.17985925078392,-0.065752848982811,0.935607194900513
1774163144749,77479.06073227,0.0582144260406494,0.928193688392639,-0.0406591892242432,0.296565562486649,0.179837122559547,-0.0657575353980064,0.935619294643402
1774163144775,77479.086789668,0.0581333637237549,0.928234934806824,-0.0406522750854492,0.296438813209534,0.179820895195007,-0.0657628402113914,0.93566220998764
1774163144790,77479.102529201,0.0580813884735107,0.928277194499969,-0.0406494140625,0.296333491802216,0.17984502017498,-0.0657612755894661,0.935691058635712
1774163144816,77479.12846962,0.0579860210418701,0.928367376327515,-0.0406432151794434,0.296142518520355,0.179877549409866,-0.065714418888092,0.935748517513275
1774163144830,77479.142704518,0.0580558776855469,0.928373634815216,-0.0406360626220703,0.296020984649658,0.179871186614037,-0.0656905025243759,0.935789823532104
1774163144860,77479.172371396,0.0581071376800537,0.928397119045258,-0.0406081676483154,0.295745640993118,0.179728150367737,-0.0655993893742561,0.935910880565643
1774163144873,77479.184891241,0.0580577850341797,0.928425490856171,-0.0405888557434082,0.295643240213394,0.179612949490547,-0.065591998398304,0.935965836048126
1774163144886,77479.197766086,0.0580005645751953,0.92845618724823,-0.0405669212341309,0.2955541908741,0.179501637816429,-0.0656266435980797,0.936012804508209
1774163144914,77479.226046349,0.0578584671020508,0.928541004657745,-0.0405123233795166,0.295441329479218,0.179251089692116,-0.0657945424318314,0.936084747314453
1774163144928,77479.240062236,0.0577716827392578,0.928584814071655,-0.040482759475708,0.295409113168716,0.179083913564682,-0.0658453181385994,0.936123371124268
1774163144955,77479.267379322,0.0576624870300293,0.92862606048584,-0.0405063629150391,0.295297592878342,0.178545996546745,-0.0658550187945366,0.936260521411896
1774163144969,77479.280874115,0.0575821399688721,0.928647756576538,-0.040510892868042,0.295160263776779,0.178111240267754,-0.0658684745430946,0.936385750770569
1774163144997,77479.30940542,0.0570747852325439,0.928806304931641,-0.0403084754943848,0.294557273387909,0.176235675811768,-0.0658990889787674,0.93692821264267
1774163145011,77479.32300464,0.0566978454589844,0.928923726081848,-0.0401577949523926,0.294135808944702,0.174595937132835,-0.0657101199030876,0.93738067150116
1774163145042,77479.354126153,0.0554623603820801,0.929297149181366,-0.0397243499755859,0.293150216341019,0.168605595827103,-0.0644369870424271,0.93887323141098
1774163145053,77479.364919696,0.0549187660217285,0.929469645023346,-0.0395345687866211,0.292714416980743,0.165842294692993,-0.0637731105089188,0.939546585083008
1774163145066,77479.37836501,0.0542008876800537,0.929669737815857,-0.0392947196960449,0.291958659887314,0.161936223506927,-0.0628623217344284,0.940523862838745
1774163145094,77479.406281002,0.0524172782897949,0.930278420448303,-0.0386149883270264,0.289445698261261,0.152348130941391,-0.0609898120164871,0.943022549152374
1774163145109,77479.421533347,0.0512213706970215,0.930770456790924,-0.0381405353546143,0.287694901227951,0.146184056997299,-0.0601966455578804,0.944583654403687
1774163145137,77479.449388923,0.0486917495727539,0.93175196647644,-0.0372700691223145,0.284354478120804,0.132977589964867,-0.058800470083952,0.947629690170288
1774163145150,77479.462173508,0.0473730564117432,0.932196378707886,-0.0368931293487549,0.282939791679382,0.125988706946373,-0.0579469501972198,0.949059545993805
1774163145179,77479.491281948,0.0439629554748535,0.933137655258179,-0.0361006259918213,0.279963463544846,0.107698231935501,-0.0546024292707443,0.952386498451233
1774163145192,77479.503760804,0.0423526763916016,0.933488845825195,-0.0357716083526611,0.278648287057877,0.098789393901825,-0.0525862351059914,0.953850269317627
1774163145206,77479.517991222,0.040377140045166,0.93389755487442,-0.0354218482971191,0.277163058519363,0.0878997296094894,-0.0500858500599861,0.955481946468353
1774163145234,77479.545855547,0.0360720157623291,0.934821367263794,-0.0348596572875977,0.274282068014145,0.0649528354406357,-0.0447269827127457,0.958410143852234
1774163145247,77479.559662007,0.0338101387023926,0.935306787490845,-0.0345923900604248,0.272567421197891,0.0530514270067215,-0.0418850816786289,0.959759473800659
1774163145275,77479.587280499,0.0290863513946533,0.936357259750366,-0.034111499786377,0.268327534198761,0.0287352502346039,-0.0361162610352039,0.962221562862396
1774163145288,77479.600671647,0.0267035961151123,0.936910450458527,-0.0339195728302002,0.265928685665131,0.0167656391859055,-0.0333747044205666,0.963268935680389
1774163145316,77479.62853467,0.0215716361999512,0.938144326210022,-0.0334937572479248,0.261048227548599,-0.00846680998802185,-0.0280425325036049,0.964881181716919
1774163145330,77479.642123942,0.0189752578735352,0.9387087225914,-0.0334057807922363,0.258840143680573,-0.0211012363433838,-0.0256131291389465,0.965349912643433
1774163145359,77479.67083332,0.0133616924285889,0.939790368080139,-0.0335206985473633,0.25406077504158,-0.0479516386985779,-0.019877340644598,0.965794324874878
1774163145372,77479.684273009,0.0106878280639648,0.940268576145172,-0.033672571182251,0.251986920833588,-0.0606755763292313,-0.0170318856835365,0.965676426887512
1774163145389,77479.701415615,0.00724196434020996,0.940845310688019,-0.0339622497558594,0.249661028385162,-0.0770793408155441,-0.0132245011627674,0.965170085430145
1774163145414,77479.726211294,0.00220918655395508,0.941605985164642,-0.0345256328582764,0.246680870652199,-0.101076155900955,-0.00727853178977966,0.963783800601959
1774163145429,77479.741363848,-0.000859498977661133,0.941983878612518,-0.0347561836242676,0.244919806718826,-0.115718305110931,-0.00338897481560707,0.962606847286224
1774163145455,77479.76729333,-0.00608205795288086,0.942520260810852,-0.0352966785430908,0.241860046982765,-0.140551015734673,0.00354501232504845,0.960071206092834
1774163145469,77479.781556352,-0.00891852378845215,0.942754745483398,-0.035832405090332,0.240372717380524,-0.154074132442474,0.00736220553517342,0.958346486091614
1774163145498,77479.809749324,-0.0143716335296631,0.943005859851837,-0.0370690822601318,0.238315731287003,-0.180080607533455,0.0149864181876183,0.954228520393372
1774163145511,77479.823327971,-0.0168755054473877,0.94304358959198,-0.0377235412597656,0.237712278962135,-0.191984742879868,0.0187537558376789,0.951989054679871
1774163145525,77479.837307764,-0.0193400382995605,0.943024873733521,-0.0384204387664795,0.237236350774765,-0.203571051359177,0.0226430185139179,0.949613153934479
1774163145554,77479.865802715,-0.0241594314575195,0.94275689125061,-0.0396659374237061,0.236756935715675,-0.224557727575302,0.0301477201282978,0.944780945777893
1774163145567,77479.879236883,-0.026310920715332,0.942571103572845,-0.0401766300201416,0.236653670668602,-0.233186960220337,0.0333547443151474,0.942606091499329
1774163145596,77479.907735635,-0.0301833152770996,0.942288815975189,-0.0413269996643066,0.23638916015625,-0.248814627528191,0.0394419431686401,0.93843275308609
1774163145608,77479.92053423,-0.0316994190216064,0.942167162895203,-0.0417780876159668,0.236279800534248,-0.254583060741425,0.0419432297348976,0.936803162097931
1774163145637,77479.949077983,-0.0346109867095947,0.941886901855469,-0.0426292419433594,0.236045673489571,-0.264798909425735,0.047107707709074,0.933779835700989
1774163145649,77479.961400328,-0.0356833934783936,0.941773176193237,-0.0429322719573975,0.23596815764904,-0.268181920051575,0.0490949526429176,0.932731091976166
1774163145677,77479.989653144,-0.0379786491394043,0.941512703895569,-0.0434610843658447,0.235938206315041,-0.273684591054916,0.0528262853622437,0.93093466758728
1774163145691,77480.003696687,-0.038947582244873,0.941391468048096,-0.0436491966247559,0.236031413078308,-0.275377333164215,0.0542591027915478,0.930329263210297
1774163145712,77480.024611689,-0.0400035381317139,0.941253304481506,-0.043870210647583,0.236281752586365,-0.276892423629761,0.0559813119471073,0.929713666439056
1774163145733,77480.045241482,-0.0408148765563965,0.941142797470093,-0.0439856052398682,0.236519783735275,-0.277450561523438,0.057327464222908,0.92940479516983
1774163145748,77480.060406953,-0.0412876605987549,0.941067814826965,-0.0440096855163574,0.236678063869476,-0.277362048625946,0.0580527856945992,0.929345905780792
1774163145776,77480.08863732,-0.0419175624847412,0.94094306230545,-0.0439450740814209,0.23724091053009,-0.27615150809288,0.0584719367325306,0.929536581039429
1774163145789,77480.101037894,-0.0422351360321045,0.940929353237152,-0.0438523292541504,0.237667337059975,-0.275191068649292,0.0582707896828651,0.929725110530853
1774163145819,77480.131640137,-0.042633056640625,0.940843462944031,-0.0435566902160645,0.23902291059494,-0.271844148635864,0.0570912659168243,0.930435061454773
1774163145833,77480.144724201,-0.0425913333892822,0.940769076347351,-0.0434067249298096,0.239615857601166,-0.269980728626251,0.0563489980995655,0.930870294570923
1774163145860,77480.172395662,-0.0422599315643311,0.94058221578598,-0.0429916381835938,0.240815311670303,-0.265115290880203,0.0543743371963501,0.93207585811615
1774163145872,77480.184518371,-0.0420198440551758,0.940492331981659,-0.0427701473236084,0.241388469934464,-0.262540608644485,0.0532379187643528,0.932721674442291
1774163145889,77480.200749415,-0.0416259765625,0.940364360809326,-0.0424423217773438,0.242267802357674,-0.258674442768097,0.0512462817132473,0.933685004711151
1774163145914,77480.225743896,-0.0408561229705811,0.940159559249878,-0.0419204235076904,0.243803411722183,-0.252038896083832,0.0475104674696922,0.935296177864075
1774163145927,77480.239486137,-0.040330171585083,0.940049231052399,-0.0416607856750488,0.24470579624176,-0.248121291399002,0.0455191247165203,0.936206638813019
1774163145956,77480.268661088,-0.0389983654022217,0.93976354598999,-0.0410861968994141,0.24683865904808,-0.238822817802429,0.0417109318077564,0.938240230083466
1774163145969,77480.281221818,-0.0382981300354004,0.93963086605072,-0.040841817855835,0.247950449585915,-0.234175965189934,0.0400795638561249,0.939188957214355
1774163146003,77480.315678645,-0.0358295440673828,0.939398288726807,-0.0401611328125,0.251617133617401,-0.218360409140587,0.0347684435546398,0.942230701446533
1774163146009,77480.321104166,-0.0353541374206543,0.939372658729553,-0.0400516986846924,0.252283364534378,-0.215374618768692,0.0337959602475166,0.942775011062622
1774163146037,77480.349520992,-0.0324015617370605,0.939104557037354,-0.0394892692565918,0.2558953166008,-0.197616443037987,0.0287280566990376,0.945854187011719
1774163146051,77480.363244952,-0.0306875705718994,0.93894636631012,-0.0392196178436279,0.257617384195328,-0.187848061323166,0.0267431624233723,0.947433948516846
1774163146069,77480.381162401,-0.0281128883361816,0.93879896402359,-0.0388674736022949,0.259645074605942,-0.173990502953529,0.0247309543192387,0.949578940868378
1774163146093,77480.405093445,-0.0242764949798584,0.938755035400391,-0.0383682250976563,0.261569857597351,-0.153539761900902,0.0223116427659988,0.952632665634155
1774163146110,77480.422581312,-0.0213873386383057,0.938804030418396,-0.0379891395568848,0.262468218803406,-0.137329995632172,0.0200336016714573,0.954908132553101
1774163146135,77480.44696647,-0.0171213150024414,0.938957571983337,-0.037534236907959,0.263097673654556,-0.113195359706879,0.0155203528702259,0.95797997713089
1774163146149,77480.461070534,-0.0144109725952148,0.939010679721832,-0.0374178886413574,0.263105154037476,-0.0986310392618179,0.0124162547290325,0.95963191986084
1774163146176,77480.488616579,-0.00897407531738281,0.939171075820923,-0.0373539924621582,0.262488931417465,-0.0694857090711594,0.00625685974955559,0.962409555912018
1774163146190,77480.502707778,-0.0062713623046875,0.939342379570007,-0.0373163223266602,0.261871755123138,-0.0543197691440582,0.00290866941213608,0.963568449020386
1774163146206,77480.517833561,-0.00336098670959473,0.939537048339844,-0.0373363494873047,0.261041343212128,-0.0378734916448593,-0.00124111026525497,0.964583575725555
1774163146233,77480.544964866,0.0020756721496582,0.939928948879242,-0.0376908779144287,0.259376645088196,-0.00796638429164886,-0.0102210137993097,0.965689301490784
1774163146247,77480.559604294,0.00510454177856445,0.940153121948242,-0.0380408763885498,0.25841948390007,0.00822935253381729,-0.0154653321951628,0.965873956680298
1774163146274,77480.586422891,0.0104544162750244,0.940510153770447,-0.038628101348877,0.256362944841385,0.0374092683196068,-0.0243322588503361,0.965549826622009
1774163146288,77480.600101329,0.0131430625915527,0.940657734870911,-0.038992166519165,0.255099534988403,0.0518345236778259,-0.028323432430625,0.965108871459961
1774163146316,77480.628182634,0.0185747146606445,0.940928936004639,-0.0400285720825195,0.252465516328812,0.0801482945680618,-0.0364034734666348,0.963593363761902
1774163146329,77480.641040865,0.0209901332855225,0.941019535064697,-0.0406148433685303,0.251470655202866,0.0925523042678833,-0.0401976443827152,0.96259069442749
1774163146357,77480.669633993,0.0260453224182129,0.941039204597473,-0.0419518947601318,0.2499880194664,0.118875794112682,-0.047664750367403,0.959740877151489
1774163146371,77480.683347431,0.0283851623535156,0.940978288650513,-0.0426437854766846,0.249458074569702,0.130939677357674,-0.0504676103591919,0.958164095878601
1774163146388,77480.700646183,0.0312597751617432,0.9409019947052,-0.0435504913330078,0.248716667294502,0.145816966891289,-0.0539037883281708,0.9560187458992
1774163146413,77480.725297644,0.0352470874786377,0.940910875797272,-0.0450003147125244,0.24746161699295,0.166542664170265,-0.0597826540470123,0.952602922916412
1774163146427,77480.739399989,0.0373852252960205,0.940911829471588,-0.045799732208252,0.246727526187897,0.178182750940323,-0.0636595264077187,0.950433552265167
1774163146454,77480.766172492,0.0413315296173096,0.940861344337463,-0.0473043918609619,0.245310112833977,0.199830412864685,-0.0710008889436722,0.945964992046356
1774163146469,77480.781222025,0.0436158180236816,0.940812826156616,-0.0482096672058105,0.244420439004898,0.211839348077774,-0.0747374445199966,0.94329047203064
1774163146496,77480.808429371,0.0476415157318115,0.94063127040863,-0.049816370010376,0.242422431707382,0.233070194721222,-0.0811253190040588,0.938258171081543
1774163146510,77480.822401612,0.0495681762695313,0.940503001213074,-0.0505945682525635,0.24128021299839,0.243581712245941,-0.0846863687038422,0.93556410074234
1774163146538,77480.850139688,0.0531752109527588,0.940239310264587,-0.0521419048309326,0.239102214574814,0.263273179531097,-0.0920288413763046,0.930079579353333
1774163146552,77480.864598022,0.0549993515014648,0.940114498138428,-0.052983283996582,0.238215491175652,0.272763401269913,-0.095521405339241,0.927215874195099
1774163146567,77480.879296357,0.0567598342895508,0.939944624900818,-0.0538232326507568,0.237529337406158,0.281781047582626,-0.0986618399620056,0.924361944198608
1774163146594,77480.906112297,0.0595707893371582,0.939430832862854,-0.0551786422729492,0.236634820699692,0.296640515327454,-0.103706866502762,0.91937655210495
1774163146608,77480.919824643,0.0608725547790527,0.939159870147705,-0.0558171272277832,0.236320480704308,0.303533107042313,-0.106227576732635,0.916916608810425
1774163146635,77480.947456416,0.0633540153503418,0.938694596290588,-0.057039737701416,0.235949546098709,0.31620654463768,-0.111056692898273,0.912144541740417
1774163146649,77480.961033865,0.0644996166229248,0.938480854034424,-0.0575768947601318,0.235876426100731,0.321897596120834,-0.113111257553101,0.909917712211609
1774163146677,77480.989568191,0.0666289329528809,0.937974691390991,-0.0584864616394043,0.235741585493088,0.332915842533112,-0.116670578718185,0.905528008937836
1774163146691,77481.002914338,0.0675506591796875,0.937745213508606,-0.058835506439209,0.2356186658144,0.337728202342987,-0.118111506104469,0.903589129447937
1774163146705,77481.017328038,0.0684762001037598,0.937533974647522,-0.059201717376709,0.235424220561981,0.342706620693207,-0.119611740112305,0.901565670967102
1774163146733,77481.045097572,0.070094108581543,0.937094449996948,-0.0597903728485107,0.235172405838966,0.351673781871796,-0.12231620401144,0.897807478904724
1774163146747,77481.05950825,0.0708746910095215,0.936790704727173,-0.0599801540374756,0.235245645046234,0.355989396572113,-0.123558439314365,0.895915389060974
1774163146775,77481.087174086,0.0722329616546631,0.936152577400208,-0.0601913928985596,0.235664963722229,0.36357593536377,-0.125818133354187,0.892437279224396
1774163146788,77481.1002419,0.0727822780609131,0.935856521129608,-0.0602877140045166,0.235829293727875,0.366854071617126,-0.126902267336845,0.890897631645203
1774163146816,77481.12827982,0.0738286972045898,0.935267925262451,-0.0603251457214355,0.236039534211159,0.373058080673218,-0.129093855619431,0.887945830821991
1774163146830,77481.142172894,0.0742943286895752,0.934998452663422,-0.0601904392242432,0.23611906170845,0.375611841678619,-0.129997164011002,0.886715412139893
1774163146858,77481.170399667,0.0750269889831543,0.934553146362305,-0.0597155094146729,0.236295610666275,0.379372239112854,-0.131271556019783,0.884877860546112
1774163146873,77481.184890554,0.0752162933349609,0.934418320655823,-0.0594110488891602,0.236332565546036,0.380460917949677,-0.131644994020462,0.884345054626465
1774163146889,77481.201172691,0.0752811431884766,0.934328198432922,-0.0590195655822754,0.236344903707504,0.381005465984344,-0.131897762417793,0.884069621562958
1774163146913,77481.225683892,0.0752348899841309,0.934235215187073,-0.0582611560821533,0.236429572105408,0.380642414093018,-0.131994605064392,0.884188830852509
1774163146928,77481.239795039,0.0751452445983887,0.934215664863586,-0.057746410369873,0.236563175916672,0.379866480827332,-0.131812617182732,0.884513795375824
1774163146976,77481.287800877,0.0741748809814453,0.934513092041016,-0.0558438301086426,0.236966028809547,0.374211341142654,-0.130017071962357,0.887078702449799
1774163146983,77481.29553468,0.0739808082580566,0.934577703475952,-0.0554585456848145,0.23698453605175,0.372845262289047,-0.129627972841263,0.887705683708191
1774163146997,77481.309294369,0.0735859870910645,0.934723615646362,-0.054746150970459,0.236993625760078,0.370146930217743,-0.128808885812759,0.888950765132904
1774163147014,77481.326354266,0.0730094909667969,0.934955656528473,-0.053825855255127,0.2369694262743,0.366339385509491,-0.127617508172989,0.89070463180542
1774163147025,77481.337437445,0.0725038051605225,0.935160994529724,-0.0532333850860596,0.236927077174187,0.363597452640533,-0.126726195216179,0.891965746879578
1774163147051,77481.36334651,0.0711064338684082,0.935713171958923,-0.0517656803131104,0.236564993858337,0.35619455575943,-0.124333560466766,0.895379066467285
1774163147066,77481.378035469,0.0702977180480957,0.936023473739624,-0.0508236885070801,0.236172825098038,0.351288408041,-0.12292805314064,0.89761221408844
1774163147094,77481.406350264,0.0685029029846191,0.936728477478027,-0.048926830291748,0.235065430402756,0.340439409017563,-0.120000272989273,0.902466177940369
1774163147112,77481.424382245,0.0671007633209229,0.937296807765961,-0.0477046966552734,0.234309583902359,0.332607746124268,-0.117783948779106,0.905868589878082
1774163147133,77481.445534903,0.0652637481689453,0.938018202781677,-0.0462470054626465,0.23347170650959,0.32245597243309,-0.114838533103466,0.910123705863953
1774163147148,77481.460128759,0.0639493465423584,0.938508868217468,-0.0452055931091309,0.23278845846653,0.314868271350861,-0.112775906920433,0.913208186626434
1774163147175,77481.48739022,0.0612785816192627,0.939478397369385,-0.0432162284851074,0.23103366792202,0.299577564001083,-0.109122782945633,0.919221937656403
1774163147190,77481.502461107,0.0596556663513184,0.940087080001831,-0.0421285629272461,0.229882597923279,0.290488541126251,-0.107054442167282,0.922664523124695
1774163147217,77481.528814651,0.0566158294677734,0.941178679466248,-0.0402560234069824,0.227974578738213,0.273279517889023,-0.102994792163372,0.928836941719055
1774163147234,77481.545858819,0.0545010566711426,0.941862106323242,-0.039069652557373,0.226841807365417,0.261235415935516,-0.100133806467056,0.932883739471436
1774163147249,77481.561542311,0.0524389743804932,0.942472040653229,-0.0380122661590576,0.225702449679375,0.249562203884125,-0.0975372940301895,0.936623513698578
1774163147273,77481.585276792,0.0491328239440918,0.94337385892868,-0.036473274230957,0.223790302872658,0.230906248092651,-0.0937411487102509,0.942238211631775
1774163147286,77481.59831945,0.0472254753112793,0.94387823343277,-0.0356676578521729,0.222738772630692,0.22014331817627,-0.0915671363472939,0.945272386074066
1774163147314,77481.625941223,0.0429286956787109,0.944993734359741,-0.0342838764190674,0.220995843410492,0.196317404508591,-0.0861669629812241,0.951417684555054
1774163147328,77481.639790912,0.0406715869903564,0.945525288581848,-0.0337390899658203,0.220509484410286,0.184088140726089,-0.0830932930111885,0.954244554042816
1774163147356,77481.668053207,0.0359926223754883,0.946401953697205,-0.0325958728790283,0.219766855239868,0.159101828932762,-0.0766485333442688,0.959434330463409
1774163147369,77481.68163977,0.0336756706237793,0.946771383285522,-0.0321016311645508,0.219347640872002,0.147030204534531,-0.0735900178551674,0.961692929267883
1774163147398,77481.710191232,0.0286571979522705,0.947600722312927,-0.0311992168426514,0.218303427100182,0.121315903961658,-0.0671706795692444,0.965978384017944
1774163147412,77481.723719046,0.0262513160705566,0.948035836219788,-0.0308606624603271,0.217687204480171,0.109233543276787,-0.0640416592359543,0.967770159244537
1774163147426,77481.738200453,0.0236830711364746,0.948540568351746,-0.030658483505249,0.217022821307182,0.0966324061155319,-0.0606397390365601,0.969477295875549
1774163147453,77481.765178529,0.0190019607543945,0.949418127536774,-0.0306153297424316,0.216007634997368,0.0744134485721588,-0.0546006634831429,0.972019672393799
1774163147469,77481.780973114,0.0163488388061523,0.949783563613892,-0.0305967330932617,0.215480521321297,0.0622486174106598,-0.0514252111315727,0.973164260387421
1774163147494,77481.806568012,0.0121941566467285,0.950344324111938,-0.0307073593139648,0.21444895863533,0.0436393097043037,-0.0464318841695786,0.97465443611145
1774163147509,77481.821455618,0.0098574161529541,0.950667917728424,-0.0308747291564941,0.213833793997765,0.0333439111709595,-0.0435456559062004,0.975329220294952
1774163147537,77481.848796975,0.0057680606842041,0.951246738433838,-0.0313708782196045,0.212798655033112,0.0155783221125603,-0.0382092632353306,0.976224362850189
1774163147551,77481.862969528,0.00383257865905762,0.951550722122192,-0.0317361354827881,0.212213084101677,0.00706044584512711,-0.0354189872741699,0.97655576467514
1774163147567,77481.879032915,0.00174832344055176,0.951897025108337,-0.0321953296661377,0.211482778191566,-0.00193972885608673,-0.0323895812034607,0.976842999458313
1774163147592,77481.904550574,-0.0014042854309082,0.952465236186981,-0.0329158306121826,0.210104078054428,-0.0148750841617584,-0.0282416772097349,0.977157831192017
1774163147607,77481.918878284,-0.00304794311523438,0.952808320522308,-0.0333297252655029,0.209222435951233,-0.0214162170886993,-0.0262582674622536,0.977280855178833
1774163147635,77481.947005839,-0.0060272216796875,0.953493416309357,-0.0342082977294922,0.207616522908211,-0.0328167378902435,-0.0227783136069775,0.977394342422485
1774163147649,77481.960760632,-0.00736284255981445,0.953792870044708,-0.034672737121582,0.207029521465302,-0.0377293676137924,-0.0212268568575382,0.977376401424408
1774163147676,77481.988560739,-0.00984287261962891,0.954301714897156,-0.0356576442718506,0.206207871437073,-0.0462334007024765,-0.0185613445937634,0.97723913192749
1774163147690,77482.002078813,-0.0109438896179199,0.954521298408508,-0.0361495018005371,0.205879241228104,-0.0496192276477814,-0.0175589825958014,0.977160930633545
1774163147718,77482.030225482,-0.0129837989807129,0.954913735389709,-0.0371038913726807,0.205285653471947,-0.0551068633794785,-0.0162828750908375,0.977013826370239
1774163147732,77482.043988661,-0.0138778686523438,0.95507276058197,-0.0375328063964844,0.205057978630066,-0.0570692270994186,-0.0160221289843321,0.976953268051147
1774163147746,77482.058298923,-0.0147523880004883,0.955206513404846,-0.0379514694213867,0.204871371388435,-0.0587112456560135,-0.0159186683595181,0.976896703243256
1774163147774,77482.085883144,-0.0163090229034424,0.955384969711304,-0.0386917591094971,0.204746082425117,-0.0610048621892929,-0.0159139633178711,0.976782560348511
1774163147788,77482.100257885,-0.0171611309051514,0.955468654632568,-0.0390543937683105,0.204808354377747,-0.0617668628692627,-0.0159227903932333,0.976721465587616
1774163147815,77482.127563044,-0.0187089443206787,0.95558625459671,-0.0397086143493652,0.205086007714272,-0.0625501126050949,-0.015924695879221,0.976613402366638
1774163147830,77482.141890337,-0.0194082260131836,0.955615758895874,-0.040034294128418,0.205248832702637,-0.0627045780420303,-0.0159707479178905,0.976568460464478
1774163147857,77482.169156069,-0.020707368850708,0.95568972826004,-0.0406181812286377,0.205397397279739,-0.0625916570425034,-0.0161496363580227,0.976541519165039
1774163147871,77482.183291643,-0.021367073059082,0.955750584602356,-0.0409011840820313,0.205351874232292,-0.062334418296814,-0.0162854846566916,0.976565361022949
1774163147889,77482.201231749,-0.0221970081329346,0.955844879150391,-0.0412461757659912,0.205200791358948,-0.0618821829557419,-0.0165046509355307,0.976622223854065
1774163147913,77482.225111179,-0.023256778717041,0.955969095230103,-0.0416827201843262,0.204959243535995,-0.0612132549285889,-0.0167836155742407,0.976710319519043
1774163147928,77482.239719201,-0.0238957405090332,0.95602810382843,-0.0419261455535889,0.204791784286499,-0.0608668625354767,-0.0168804749846458,0.976765394210815
1774163147955,77482.266911339,-0.0251650810241699,0.956080317497253,-0.0422930717468262,0.204349920153618,-0.0604551732540131,-0.0167926289141178,0.97688502073288
1774163147968,77482.280222226,-0.0257890224456787,0.956095695495605,-0.0424377918243408,0.204147785902023,-0.0603803992271423,-0.0167015735059977,0.976933538913727
